{
  "create User" : {
    "transaction" : "create User",
    "sampleCount" : 477,
    "errorCount" : 477,
    "errorPct" : 100.0,
    "meanResTime" : 6952.6918238993685,
    "medianResTime" : 4264.0,
    "minResTime" : 7.0,
    "maxResTime" : 42912.0,
    "pct1ResTime" : 17186.6,
    "pct2ResTime" : 22369.19999999998,
    "pct3ResTime" : 33324.41999999999,
    "throughput" : 5.253651122320858,
    "receivedKBytesPerSec" : 1.7912609003623587,
    "sentKBytesPerSec" : 1.3647179673216292
  },
  "Transaction Controller - Artists" : {
    "transaction" : "Transaction Controller - Artists",
    "sampleCount" : 991,
    "errorCount" : 57,
    "errorPct" : 5.7517657,
    "meanResTime" : 6459.626639757822,
    "medianResTime" : 3972.0,
    "minResTime" : 108.0,
    "maxResTime" : 61594.0,
    "pct1ResTime" : 13763.200000000006,
    "pct2ResTime" : 19731.0,
    "pct3ResTime" : 39627.64000000007,
    "throughput" : 8.386578089958956,
    "receivedKBytesPerSec" : 16.03605458998011,
    "sentKBytesPerSec" : 2.1212145754876652
  },
  "update User name" : {
    "transaction" : "update User name",
    "sampleCount" : 408,
    "errorCount" : 408,
    "errorPct" : 100.0,
    "meanResTime" : 5579.791666666666,
    "medianResTime" : 4513.0,
    "minResTime" : 6.0,
    "maxResTime" : 17769.0,
    "pct1ResTime" : 10784.7,
    "pct2ResTime" : 14772.299999999988,
    "pct3ResTime" : 17654.159999999996,
    "throughput" : 5.650186954715413,
    "receivedKBytesPerSec" : 2.1905509970918158,
    "sentKBytesPerSec" : 1.462206584960532
  },
  "read one User" : {
    "transaction" : "read one User",
    "sampleCount" : 382,
    "errorCount" : 149,
    "errorPct" : 39.005234,
    "meanResTime" : 13284.175392670157,
    "medianResTime" : 9519.0,
    "minResTime" : 1164.0,
    "maxResTime" : 40425.0,
    "pct1ResTime" : 29803.8,
    "pct2ResTime" : 34527.899999999994,
    "pct3ResTime" : 38299.950000000004,
    "throughput" : 4.354268779208937,
    "receivedKBytesPerSec" : 2638.0649435768837,
    "sentKBytesPerSec" : 0.5400313817964209
  },
  "Transaction Controller - Tracks" : {
    "transaction" : "Transaction Controller - Tracks",
    "sampleCount" : 505,
    "errorCount" : 136,
    "errorPct" : 26.930693,
    "meanResTime" : 9771.005940594057,
    "medianResTime" : 9063.0,
    "minResTime" : 590.0,
    "maxResTime" : 33879.0,
    "pct1ResTime" : 16352.600000000006,
    "pct2ResTime" : 17610.1,
    "pct3ResTime" : 23924.84,
    "throughput" : 4.157781638248298,
    "receivedKBytesPerSec" : 111.74472327081567,
    "sentKBytesPerSec" : 0.5197227047810372
  },
  "read all Artists" : {
    "transaction" : "read all Artists",
    "sampleCount" : 998,
    "errorCount" : 33,
    "errorPct" : 3.3066132,
    "meanResTime" : 3079.5791583166333,
    "medianResTime" : 1633.5,
    "minResTime" : 8.0,
    "maxResTime" : 40599.0,
    "pct1ResTime" : 6752.400000000005,
    "pct2ResTime" : 9343.199999999999,
    "pct3ResTime" : 19780.799999999996,
    "throughput" : 8.625681714073343,
    "receivedKBytesPerSec" : 12.433111533176032,
    "sentKBytesPerSec" : 1.0866337315580679
  },
  "read all Users" : {
    "transaction" : "read all Users",
    "sampleCount" : 457,
    "errorCount" : 127,
    "errorPct" : 27.789934,
    "meanResTime" : 9897.680525164118,
    "medianResTime" : 6936.0,
    "minResTime" : 196.0,
    "maxResTime" : 43863.0,
    "pct1ResTime" : 23313.799999999992,
    "pct2ResTime" : 32952.4,
    "pct3ResTime" : 36934.98000000005,
    "throughput" : 5.055589357818463,
    "receivedKBytesPerSec" : 1909.2104012251784,
    "sentKBytesPerSec" : 0.6270115707450633
  },
  "read all Tracks" : {
    "transaction" : "read all Tracks",
    "sampleCount" : 505,
    "errorCount" : 136,
    "errorPct" : 26.930693,
    "meanResTime" : 9771.003960396034,
    "medianResTime" : 9063.0,
    "minResTime" : 590.0,
    "maxResTime" : 33879.0,
    "pct1ResTime" : 16352.600000000006,
    "pct2ResTime" : 17610.1,
    "pct3ResTime" : 23924.84,
    "throughput" : 4.1903845196408716,
    "receivedKBytesPerSec" : 112.62095975363859,
    "sentKBytesPerSec" : 0.5237980649551089
  },
  "Transaction Controller - Genres" : {
    "transaction" : "Transaction Controller - Genres",
    "sampleCount" : 500,
    "errorCount" : 18,
    "errorPct" : 3.6,
    "meanResTime" : 5179.731999999998,
    "medianResTime" : 3043.5,
    "minResTime" : 984.0,
    "maxResTime" : 40617.0,
    "pct1ResTime" : 10262.200000000003,
    "pct2ResTime" : 15774.65,
    "pct3ResTime" : 30498.070000000003,
    "throughput" : 6.927798484197691,
    "receivedKBytesPerSec" : 15.384583743228077,
    "sentKBytesPerSec" : 1.7387150492566472
  },
  "Transaction Controller - Playlists" : {
    "transaction" : "Transaction Controller - Playlists",
    "sampleCount" : 9,
    "errorCount" : 9,
    "errorPct" : 100.0,
    "meanResTime" : 55770.22222222222,
    "medianResTime" : 47979.0,
    "minResTime" : 31355.0,
    "maxResTime" : 79180.0,
    "pct1ResTime" : 79180.0,
    "pct2ResTime" : 79180.0,
    "pct3ResTime" : 79180.0,
    "throughput" : 0.11066843736166446,
    "receivedKBytesPerSec" : 11.033388629125474,
    "sentKBytesPerSec" : 0.13610200402095324
  },
  "read all Playlists" : {
    "transaction" : "read all Playlists",
    "sampleCount" : 199,
    "errorCount" : 156,
    "errorPct" : 78.39196,
    "meanResTime" : 20617.91457286433,
    "medianResTime" : 19797.0,
    "minResTime" : 448.0,
    "maxResTime" : 41182.0,
    "pct1ResTime" : 33680.0,
    "pct2ResTime" : 34100.0,
    "pct3ResTime" : 39838.0,
    "throughput" : 2.443966840650906,
    "receivedKBytesPerSec" : 3290.668116268806,
    "sentKBytesPerSec" : 0.3126559141848327
  },
  "delete Playlist by id" : {
    "transaction" : "delete Playlist by id",
    "sampleCount" : 9,
    "errorCount" : 9,
    "errorPct" : 100.0,
    "meanResTime" : 23113.666666666668,
    "medianResTime" : 19854.0,
    "minResTime" : 12918.0,
    "maxResTime" : 33036.0,
    "pct1ResTime" : 33036.0,
    "pct2ResTime" : 33036.0,
    "pct3ResTime" : 33036.0,
    "throughput" : 0.14009962640099627,
    "receivedKBytesPerSec" : 0.026131863908779578,
    "sentKBytesPerSec" : 0.030160336239103365
  },
  "delete User by id" : {
    "transaction" : "delete User by id",
    "sampleCount" : 308,
    "errorCount" : 308,
    "errorPct" : 100.0,
    "meanResTime" : 7362.795454545459,
    "medianResTime" : 5321.0,
    "minResTime" : 8.0,
    "maxResTime" : 17839.0,
    "pct1ResTime" : 14077.10000000001,
    "pct2ResTime" : 16728.350000000002,
    "pct3ResTime" : 17361.380000000005,
    "throughput" : 4.445406653676842,
    "receivedKBytesPerSec" : 1.7234633217868227,
    "sentKBytesPerSec" : 0.9333617485747276
  },
  "read one Genre" : {
    "transaction" : "read one Genre",
    "sampleCount" : 500,
    "errorCount" : 15,
    "errorPct" : 3.0,
    "meanResTime" : 2811.0020000000018,
    "medianResTime" : 1280.5,
    "minResTime" : 3.0,
    "maxResTime" : 24016.0,
    "pct1ResTime" : 6363.0,
    "pct2ResTime" : 8601.4,
    "pct3ResTime" : 18976.81,
    "throughput" : 7.206376201663232,
    "receivedKBytesPerSec" : 3.610225577591053,
    "sentKBytesPerSec" : 0.9078345019673407
  },
  "check jmeter variables for Playlist id" : {
    "transaction" : "check jmeter variables for Playlist id",
    "sampleCount" : 199,
    "errorCount" : 0,
    "errorPct" : 0.0,
    "meanResTime" : 0.04522613065326633,
    "medianResTime" : 0.0,
    "minResTime" : 0.0,
    "maxResTime" : 1.0,
    "pct1ResTime" : 0.0,
    "pct2ResTime" : 0.0,
    "pct3ResTime" : 1.0,
    "throughput" : 4.1671029211600885,
    "receivedKBytesPerSec" : 1.3314827963040519,
    "sentKBytesPerSec" : 0.0
  },
  "read all Genres" : {
    "transaction" : "read all Genres",
    "sampleCount" : 500,
    "errorCount" : 6,
    "errorPct" : 1.2,
    "meanResTime" : 2368.729999999999,
    "medianResTime" : 1283.0,
    "minResTime" : 10.0,
    "maxResTime" : 27631.0,
    "pct1ResTime" : 5209.400000000004,
    "pct2ResTime" : 7557.249999999997,
    "pct3ResTime" : 12853.940000000002,