{
  "create User" : {
    "transaction" : "create User",
    "sampleCount" : 478,
    "errorCount" : 478,
    "errorPct" : 100.0,
    "meanResTime" : 6429.150627615061,
    "medianResTime" : 3602.0,
    "minResTime" : 6.0,
    "maxResTime" : 35410.0,
    "pct1ResTime" : 15644.5,
    "pct2ResTime" : 22414.399999999965,
    "pct3ResTime" : 29524.579999999998,
    "throughput" : 5.286090283767942,
    "receivedKBytesPerSec" : 1.8020929233572203,
    "sentKBytesPerSec" : 1.367982348826665
  },
  "Transaction Controller - Artists" : {
    "transaction" : "Transaction Controller - Artists",
    "sampleCount" : 994,
    "errorCount" : 66,
    "errorPct" : 6.639839,
    "meanResTime" : 6754.980885311873,
    "medianResTime" : 4063.5,
    "minResTime" : 453.0,
    "maxResTime" : 58956.0,
    "pct1ResTime" : 14589.0,
    "pct2ResTime" : 22020.25,
    "pct3ResTime" : 42292.15,
    "throughput" : 9.312173277622678,
    "receivedKBytesPerSec" : 17.805893825766802,
    "sentKBytesPerSec" : 2.355325077054955
  },
  "update User name" : {
    "transaction" : "update User name",
    "sampleCount" : 410,
    "errorCount" : 410,
    "errorPct" : 100.0,
    "meanResTime" : 5020.400000000002,
    "medianResTime" : 4776.5,
    "minResTime" : 5.0,
    "maxResTime" : 14576.0,
    "pct1ResTime" : 9840.9,
    "pct2ResTime" : 11993.35,
    "pct3ResTime" : 13651.409999999998,
    "throughput" : 5.623217028746983,
    "receivedKBytesPerSec" : 2.1800948832153826,
    "sentKBytesPerSec" : 1.4552270631034672
  },
  "read one User" : {
    "transaction" : "read one User",
    "sampleCount" : 391,
    "errorCount" : 157,
    "errorPct" : 40.153454,
    "meanResTime" : 12168.081841432228,
    "medianResTime" : 10571.0,
    "minResTime" : 240.0,
    "maxResTime" : 38998.0,
    "pct1ResTime" : 26357.400000000005,
    "pct2ResTime" : 29964.199999999997,
    "pct3ResTime" : 35720.55999999999,
    "throughput" : 4.409658392448319,
    "receivedKBytesPerSec" : 2947.3875342389956,
    "sentKBytesPerSec" : 0.5469009920321646
  },
  "Transaction Controller - Tracks" : {
    "transaction" : "Transaction Controller - Tracks",
    "sampleCount" : 510,
    "errorCount" : 17,
    "errorPct" : 3.3333333,
    "meanResTime" : 4802.1803921568635,
    "medianResTime" : 4152.0,
    "minResTime" : 458.0,
    "maxResTime" : 28178.0,
    "pct1ResTime" : 7846.900000000001,
    "pct2ResTime" : 10895.15,
    "pct3ResTime" : 22223.20999999998,
    "throughput" : 4.8739929470455,
    "receivedKBytesPerSec" : 132.3578123805394,
    "sentKBytesPerSec" : 0.6092491183806875
  },
  "read all Artists" : {
    "transaction" : "read all Artists",
    "sampleCount" : 998,
    "errorCount" : 37,
    "errorPct" : 3.7074149,
    "meanResTime" : 3210.8366733466933,
    "medianResTime" : 1756.0,
    "minResTime" : 8.0,
    "maxResTime" : 30522.0,
    "pct1ResTime" : 7483.5,
    "pct2ResTime" : 10269.599999999995,
    "pct3ResTime" : 19946.199999999997,
    "throughput" : 9.212251001532298,
    "receivedKBytesPerSec" : 13.278596170177414,
    "sentKBytesPerSec" : 1.160527714060221
  },
  "read all Users" : {
    "transaction" : "read all Users",
    "sampleCount" : 458,
    "errorCount" : 120,
    "errorPct" : 26.200872,
    "meanResTime" : 9090.334061135376,
    "medianResTime" : 6271.0,
    "minResTime" : 235.0,
    "maxResTime" : 41598.0,
    "pct1ResTime" : 22108.4,
    "pct2ResTime" : 28807.899999999987,
    "pct3ResTime" : 36109.54999999984,
    "throughput" : 5.06676401933778,
    "receivedKBytesPerSec" : 2143.9148228084587,
    "sentKBytesPerSec" : 0.628397490679588
  },
  "read all Tracks" : {
    "transaction" : "read all Tracks",
    "sampleCount" : 510,
    "errorCount" : 17,
    "errorPct" : 3.3333333,
    "meanResTime" : 4802.1803921568635,
    "medianResTime" : 4152.0,
    "minResTime" : 458.0,
    "maxResTime" : 28178.0,
    "pct1ResTime" : 7846.900000000001,
    "pct2ResTime" : 10895.15,
    "pct3ResTime" : 22223.20999999998,
    "throughput" : 4.9023377422331595,
    "receivedKBytesPerSec" : 133.12754166085915,
    "sentKBytesPerSec" : 0.6127922177791449
  },
  "Transaction Controller - Genres" : {
    "transaction" : "Transaction Controller - Genres",
    "sampleCount" : 500,
    "errorCount" : 18,
    "errorPct" : 3.6,
    "meanResTime" : 4854.345999999996,
    "medianResTime" : 3210.5,
    "minResTime" : 715.0,
    "maxResTime" : 36087.0,
    "pct1ResTime" : 9265.000000000007,
    "pct2ResTime" : 14514.599999999997,
    "pct3ResTime" : 28891.25,
    "throughput" : 5.498916713407459,
    "receivedKBytesPerSec" : 12.211461529578672,
    "sentKBytesPerSec" : 1.3800992142048016
  },
  "Transaction Controller - Playlists" : {
    "transaction" : "Transaction Controller - Playlists",
    "sampleCount" : 36,
    "errorCount" : 36,
    "errorPct" : 100.0,
    "meanResTime" : 55129.05555555556,
    "medianResTime" : 60616.0,
    "minResTime" : 16823.0,
    "maxResTime" : 75741.0,
    "pct1ResTime" : 71752.50000000001,
    "pct2ResTime" : 75401.0,
    "pct3ResTime" : 75741.0,
    "throughput" : 0.4389387436597737,
    "receivedKBytesPerSec" : 102.36118419348054,
    "sentKBytesPerSec" : 0.5403504537224444
  },
  "read all Playlists" : {
    "transaction" : "read all Playlists",
    "sampleCount" : 203,
    "errorCount" : 131,
    "errorPct" : 64.53202,
    "meanResTime" : 17170.18719211823,
    "medianResTime" : 16014.0,
    "minResTime" : 203.0,
    "maxResTime" : 39174.0,
    "pct1ResTime" : 29083.2,
    "pct2ResTime" : 31427.199999999997,
    "pct3ResTime" : 39114.44,
    "throughput" : 2.3713014122676883,
    "receivedKBytesPerSec" : 2688.756673848225,
    "sentKBytesPerSec" : 0.30335984863971405
  },
  "delete Playlist by id" : {
    "transaction" : "delete Playlist by id",
    "sampleCount" : 36,
    "errorCount" : 30,
    "errorPct" : 83.333336,
    "meanResTime" : 21190.30555555556,
    "medianResTime" : 24596.0,
    "minResTime" : 7901.0,
    "maxResTime" : 28725.0,
    "pct1ResTime" : 28410.0,
    "pct2ResTime" : 28599.2,
    "pct3ResTime" : 28725.0,
    "throughput" : 0.4925097475887544,
    "receivedKBytesPerSec" : 0.0918646111225118,
    "sentKBytesPerSec" : 0.10622680672412614
  },
  "delete User by id" : {
    "transaction" : "delete User by id",
    "sampleCount" : 334,
    "errorCount" : 334,
    "errorPct" : 100.0,
    "meanResTime" : 6887.263473053889,
    "medianResTime" : 6008.0,
    "minResTime" : 5.0,
    "maxResTime" : 14939.0,
    "pct1ResTime" : 12523.0,
    "pct2ResTime" : 13807.25,
    "pct3ResTime" : 14644.949999999999,
    "throughput" : 4.697080497271756,
    "receivedKBytesPerSec" : 1.8210360912274286,
    "sentKBytesPerSec" : 0.986203424720144
  },
  "read one Genre" : {
    "transaction" : "read one Genre",
    "sampleCount" : 500,
    "errorCount" : 15,
    "errorPct" : 3.0,
    "meanResTime" : 2637.4160000000006,
    "medianResTime" : 1359.5,
    "minResTime" : 6.0,
    "maxResTime" : 24853.0,
    "pct1ResTime" : 5736.800000000001,
    "pct2ResTime" : 9125.749999999993,
    "pct3ResTime" : 20682.300000000003,
    "throughput" : 5.727836138063762,
    "receivedKBytesPerSec" : 2.869511659010459,
    "sentKBytesPerSec" : 0.7215731072365481
  },
  "check jmeter variables for Playlist id" : {
    "transaction" : "check jmeter variables for Playlist id",
    "sampleCount" : 203,
    "errorCount" : 0,
    "errorPct" : 0.0,
    "meanResTime" : 0.039408866995073885,
    "medianResTime" : 0.0,
    "minResTime" : 0.0,
    "maxResTime" : 1.0,
    "pct1ResTime" : 0.0,
    "pct2ResTime" : 0.0,
    "pct3ResTime" : 1.0,
    "throughput" : 3.3305442076422045,
    "receivedKBytesPerSec" : 1.0645558266066184,
    "sentKBytesPerSec" : 0.0
  },
  "read all Genres" : {
    "transaction" : "read all Genres",
    "sampleCount" : 500,
    "errorCount" : 5,
    "errorPct" : 1.0,
    "meanResTime" : 2216.9300000000007,
    "medianResTime" : 1355.5,
    "minResTime" : 20.0,
    "maxResTime" : 16773.0,
    "pct1ResTime" : 4712.500000000009,
    "pct2ResTime" : 7788.849999999999,