{
  "read one Artist" : {
    "transaction" : "read one Artist",
    "sampleCount" : 143,
    "errorCount" : 33,
    "errorPct" : 23.076923,
    "meanResTime" : 8930.146853146853,
    "medianResTime" : 8850.0,
    "minResTime" : 4.0,
    "maxResTime" : 19038.0,
    "pct1ResTime" : 13595.599999999999,
    "pct2ResTime" : 15234.8,
    "pct3ResTime" : 18857.600000000002,
    "throughput" : 4.085013997600411,
    "receivedKBytesPerSec" : 1.9228288543392562,
    "sentKBytesPerSec" : 0.5186052926641147
  },
  "Transaction Controller - Genres" : {
    "transaction" : "Transaction Controller - Genres",
    "sampleCount" : 22,
    "errorCount" : 6,
    "errorPct" : 27.272728,
    "meanResTime" : 15008.136363636362,
    "medianResTime" : 14499.0,
    "minResTime" : 10064.0,
    "maxResTime" : 19504.0,
    "pct1ResTime" : 19387.1,
    "pct2ResTime" : 19487.05,
    "pct3ResTime" : 19504.0,
    "throughput" : 0.6263345195729537,
    "receivedKBytesPerSec" : 1.3909030249110321,
    "sentKBytesPerSec" : 0.1571952846975089
  },
  "read one Genre" : {
    "transaction" : "read one Genre",
    "sampleCount" : 22,
    "errorCount" : 6,
    "errorPct" : 27.272728,
    "meanResTime" : 9560.27272727273,
    "medianResTime" : 10602.0,
    "minResTime" : 2705.0,
    "maxResTime" : 12338.0,
    "pct1ResTime" : 12314.2,
    "pct2ResTime" : 12337.4,
    "pct3ResTime" : 12338.0,
    "throughput" : 0.7227569893886133,
    "receivedKBytesPerSec" : 0.36208431206675645,
    "sentKBytesPerSec" : 0.09105044104602648
  },
  "read all Genres" : {
    "transaction" : "read all Genres",
    "sampleCount" : 68,
    "errorCount" : 17,
    "errorPct" : 25.0,
    "meanResTime" : 9657.088235294117,
    "medianResTime" : 9661.0,
    "minResTime" : 15.0,
    "maxResTime" : 26827.0,
    "pct1ResTime" : 13733.1,
    "pct2ResTime" : 16400.149999999998,
    "pct3ResTime" : 26827.0,
    "throughput" : 1.9399748944425426,
    "receivedKBytesPerSec" : 3.336226356555974,
    "sentKBytesPerSec" : 0.24249686180531782
  },
  "Transaction Controller - Artists" : {
    "transaction" : "Transaction Controller - Artists",
    "sampleCount" : 143,
    "errorCount" : 36,
    "errorPct" : 25.174826,
    "meanResTime" : 14958.328671328672,
    "medianResTime" : 14739.0,
    "minResTime" : 70.0,
    "maxResTime" : 25316.0,
    "pct1ResTime" : 21324.199999999997,
    "pct2ResTime" : 24115.59999999999,
    "pct3ResTime" : 25248.68,
    "throughput" : 3.7731866276155044,
    "receivedKBytesPerSec" : 7.214745524288239,
    "sentKBytesPerSec" : 0.9543509146019684
  },
  "read one Album" : {
    "transaction" : "read one Album",
    "sampleCount" : 448,
    "errorCount" : 85,
    "errorPct" : 18.973215,
    "meanResTime" : 8316.433035714286,
    "medianResTime" : 7760.5,
    "minResTime" : 8.0,
    "maxResTime" : 20490.0,
    "pct1ResTime" : 13591.9,
    "pct2ResTime" : 15367.799999999992,
    "pct3ResTime" : 18960.429999999993,
    "throughput" : 11.5347974973609,
    "receivedKBytesPerSec" : 37.63452972527614,
    "sentKBytesPerSec" : 1.453114137851129
  },
  "Total" : {
    "transaction" : "Total",
    "sampleCount" : 2646,
    "errorCount" : 477,
    "errorPct" : 18.02721,
    "meanResTime" : 8122.589569160991,
    "medianResTime" : 7680.5,
    "minResTime" : 4.0,
    "maxResTime" : 26827.0,
    "pct1ResTime" : 13030.400000000001,
    "pct2ResTime" : 14489.950000000003,
    "pct3ResTime" : 19156.570000000014,
    "throughput" : 65.01388240497309,
    "receivedKBytesPerSec" : 1150.7694061893412,
    "sentKBytesPerSec" : 8.151593865942653
  },
  "read all Albums" : {
    "transaction" : "read all Albums",
    "sampleCount" : 685,
    "errorCount" : 123,
    "errorPct" : 17.956203,
    "meanResTime" : 7955.132846715327,
    "medianResTime" : 7434.0,
    "minResTime" : 25.0,
    "maxResTime" : 22812.0,
    "pct1ResTime" : 13490.2,
    "pct2ResTime" : 15150.0,
    "pct3ResTime" : 20277.439999999988,
    "throughput" : 17.48921285776291,
    "receivedKBytesPerSec" : 473.43845743866007,
    "sentKBytesPerSec" : 2.186151607220364
  },
  "Transaction Controller - Tracks" : {
    "transaction" : "Transaction Controller - Tracks",
    "sampleCount" : 1000,
    "errorCount" : 148,
    "errorPct" : 14.8,
    "meanResTime" : 7737.794000000003,
    "medianResTime" : 7328.0,
    "minResTime" : 415.0,
    "maxResTime" : 24835.0,
    "pct1ResTime" : 12565.4,
    "pct2ResTime" : 14212.949999999999,
    "pct3ResTime" : 18761.350000000006,
    "throughput" : 24.389649032950416,
    "receivedKBytesPerSec" : 639.7757447989073,
    "sentKBytesPerSec" : 3.048706129118802
  },
  "read all Artists" : {
    "transaction" : "read all Artists",
    "sampleCount" : 280,
    "errorCount" : 65,
    "errorPct" : 23.214285,
    "meanResTime" : 8698.332142857143,
    "medianResTime" : 8214.5,
    "minResTime" : 13.0,
    "maxResTime" : 24364.0,
    "pct1ResTime" : 13076.6,
    "pct2ResTime" : 14523.649999999998,
    "pct3ResTime" : 22472.789999999997,
    "throughput" : 7.381435689241558,
    "receivedKBytesPerSec" : 10.639647536445839,
    "sentKBytesPerSec" : 0.9298878944454696
  },
  "read all Tracks" : {
    "transaction" : "read all Tracks",
    "sampleCount" : 1000,
    "errorCount" : 148,
    "errorPct" : 14.8,
    "meanResTime" : 7737.791999999998,
    "medianResTime" : 7328.0,
    "minResTime" : 415.0,
    "maxResTime" : 24835.0,
    "pct1ResTime" : 12565.4,
    "pct2ResTime" : 14212.949999999999,
    "pct3ResTime" : 18761.350000000006,
    "throughput" : 24.57062827096489,
    "receivedKBytesPerSec" : 644.5230917835819,
    "sentKBytesPerSec" : 3.071328533870611
  },
  "Transaction Controller - Albums" : {
    "transaction" : "Transaction Controller - Albums",
    "sampleCount" : 448,
    "errorCount" : 98,
    "errorPct" : 21.875,
    "meanResTime" : 14229.593749999995,
    "medianResTime" : 14050.5,
    "minResTime" : 114.0,
    "maxResTime" : 31053.0,
    "pct1ResTime" : 21536.700000000004,
    "pct2ResTime" : 23948.199999999997,
    "pct3ResTime" : 27589.30999999999,
    "throughput" : 11.465718014997568,
    "receivedKBytesPerSec" : 347.7897141248432,
    "sentKBytesPerSec" : 2.877626493998413
  }
}