{
  "Total" : {
    "transaction" : "Total",
    "sampleCount" : 1049,
    "errorCount" : 691,
    "errorPct" : 65.87226,
    "meanResTime" : 15863.41849380363,
    "medianResTime" : 15454.0,
    "minResTime" : 3204.0,
    "maxResTime" : 30859.0,
    "pct1ResTime" : 26059.0,
    "pct2ResTime" : 26920.0,
    "pct3ResTime" : 28942.5,
    "throughput" : 33.547603057341135,
    "receivedKBytesPerSec" : 881.3166594710417,
    "sentKBytesPerSec" : 4.193450382167642
  },
  "read all Albums" : {
    "transaction" : "read all Albums",
    "sampleCount" : 49,
    "errorCount" : 49,
    "errorPct" : 100.0,
    "meanResTime" : 23277.91836734693,
    "medianResTime" : 21260.0,
    "minResTime" : 20617.0,
    "maxResTime" : 26568.0,
    "pct1ResTime" : 26509.0,
    "pct2ResTime" : 26535.0,
    "pct3ResTime" : 26568.0,
    "throughput" : 1.800940899735372,
    "receivedKBytesPerSec" : 48.75203294986769,
    "sentKBytesPerSec" : 0.2251176124669215
  },
  "Transaction Controller - Tracks" : {
    "transaction" : "Transaction Controller - Tracks",
    "sampleCount" : 1000,
    "errorCount" : 642,
    "errorPct" : 64.2,
    "meanResTime" : 15500.108000000007,
    "medianResTime" : 15025.5,
    "minResTime" : 3204.0,
    "maxResTime" : 30859.0,
    "pct1ResTime" : 25893.699999999997,
    "pct2ResTime" : 26951.3,
    "pct3ResTime" : 28978.27,
    "throughput" : 31.681662653656065,
    "receivedKBytesPerSec" : 831.0558013084527,
    "sentKBytesPerSec" : 3.960207831707008
  },
  "read all Tracks" : {
    "transaction" : "read all Tracks",
    "sampleCount" : 1000,
    "errorCount" : 642,
    "errorPct" : 64.2,
    "meanResTime" : 15500.108000000006,
    "medianResTime" : 15025.5,
    "minResTime" : 3204.0,
    "maxResTime" : 30859.0,
    "pct1ResTime" : 25893.699999999997,
    "pct2ResTime" : 26951.3,
    "pct3ResTime" : 28978.27,
    "throughput" : 31.980555822060186,
    "receivedKBytesPerSec" : 838.8962011097253,
    "sentKBytesPerSec" : 3.9975694777575237
  }
}